Name,Address,City,State,Country
Spencer Wade,Esterdell,Kaimuki,Badger  ,Dorburn
Lana Fuller,Summermarble,Tegucigalpa,Sunflower  ,Newbarrow
Roy Ward,Griffinhaven,Greenpoint,Pelican  ,Fogmeadow
Jane Gonzales,Southgriffin,Windhoek,Sooner  ,Dominican Republic
Rosie Jimenez,Silverham,Framingham,The Great Lakes State ,Botswana
Estelle Jensen,Shoreford,Cedar Rapids,The Old Dominion ,Angola
Veronica Craig,Merriden,Davie,Beaver  ,Portugal
Wendy Bryant,Coldmerrow,Kalamazoo,Hoosier  ,Croatia
Shaun Black,Buttermill,Copenhagen,Gem  ,Luxembourg
Lorraine Moody,Byhurst,Holland,Bluegrass  ,Finland
Conrad Murphy,Blackmere,Stanley,Show-Me State ,Dominica
Gordon Ramos,Southbridge,Oneta,The Bay State ,Iceland
Patty Newman,Elfnesse,Liberty City,The Golden State ,Slovenia
Jared Malone,Starrymill,Albany,Land of Enchantment ,Lebanon
Pearl Abbott,Greymarsh,Dubuque,The Last Frontier ,Guyana
Agnes Walton,Newbank,Bridgetown,Volunteer State ,Grenada
Dale Delgado,Mallowshore,Flushing,Green Mountain State ,Nepal
Pamela Farmer,Snowland,St. Charles,Cornhusker State ,Niger
Catherine Mann,Highmill,Spring Hill College,Prairie State ,Namibia
Francis Rose,Aldgold,Cleveland,Constitution State ,Morocco
Gregory Warner,Estersage,St. Louis,Mountain State ,Islands
Kirk Alexander,Bridgemeadow,St. Clair Shores,Buckeye State ,Ireland
Jean Hall,Redpond,Wittman Field,Peace Garden State,Kosova
Olivia Rhodes,Deepmarsh,Havana,Keystone  ,Malta
Jennifer Aguilar,Oldcliff,St Cloud,Palmetto  ,Singapore
Heather Mitchell,Wyvernbourne,Lake Charles,Mount Rushmore ,Cape Verde
Thomas Meyer,Stonemere,Seattle,Grand Canyon ,Estonia
Sandy Erickson,Wildecastle,Frenchman Mtn,Peach  ,Tonga
Marco Pearson,Westerspell,Washington,Heart of Dixie ,Moldova
Alicia Obrien,Fairby,New Bedford,Granite  ,Belize
Evelyn Swanson,Blackdale,Chicago,Sunshine State,Kenya
Gilberto Nash,Meadowcastle,Madrid,Hawkeye  ,Kuwait
Clifton Potter,Aelbourne,Tskhinvali,Tar Heel State ,Haiti
Bert Singleton,Wellwyn,Hollywood,The Evergreen State ,Sudan
Brandon Zimmerman,Beechwick,Dearborn,Equality State ,Argentina
Natalie Ramsey,Rosecoast,Buffalo,The Empire State ,Liberia
Randy May,Newspring,Porto-Novo,Old Line State,Romania
Eugene Lynch,Springford,London Bridge,North Star State,Nauru
Bryan Norris,Bushhedge,Gallups Corner,Treasure State,Bermuda
Yvette Arnold,Raybarrow,Arlington,Magnolia State,Turkey
Ross Pena,Aelborough,Boynton Beach,Silver State,Malaysia
Cynthia Roberts,Sagegate,Jersey City,Lone Star State,Honduras
David Phillips,Merriford,St Paul,The Natural State,Norfolk Island
Lisa Gross,Byfox,Redford,Ocean State,Gabon
Sophia Owens,Icehedge,Bossier City,Garden State,Ghana
Edna Weber,Noracre,Heartland Village,Pine Tree State,El Salvador
Arlene Watkins,Mallowedge,Independence,Beehive State,Benin
Leah Maldonado,Dracston,Arlington Heights,Aloha State,Australia
Marcella Gutierrez,Valwall,Eau Gallie,Sunflower State ,Vanuatu
Alex Daniel,Icefall,Denver,Gem State,Egypt
Blake Powell,Westwell,Yerevan,The Last Frontier,Andorra
Jacquelyn Strickland,Oldbutter,St. Peters,Mount Rushmore State,Ivory Coast
Krystal Craig,Aldbeach,Bay Ridge,Old Line State,Barbados
Claire Hines,Westerlake,Escondido,North Star State,South Africa
Virgil Peters,Greyfay,Federal Way,Aloha State,Macau
Marilyn Lewis,Belbank,Bolingbrook,Hoosier State,New Caledonia
Trevor Wade,Dellmill,Joliet,Garden State,Austria
Daisy Saunders,Eastston,Sarajevo,Grand Canyon State,Sierra Leone
Leon Briggs,Fairshadow,Stono,Green Mountain State,Western Sahara
Chelsea Rogers,Rosecliff,Hargeisa,The Old Dominion,Ukraine
Lamar Morrison,Roseport,Nurney,Pelican State,St. Helena
Candace Rivera,Belcoast,Lynchburg City,Prairie State,Faroe Islands
Johnny Green,Lorwick,Thornton,The Great Lakes State,Guam
Russell Ryan,Merriton,Aurora,Pine Tree State,Monaco
Tammy Hall,Mallowviolet,Yakima,Lone Star State,Djibouti
Alison Holloway,Griffinbeach,Jonesboro,Palmetto State,Thailand
Winston Bryan,Butterlyn,Springfield,Land of Enchantment,Samoa (American Samoa)
Mildred Harvey,Morbeach,Anchorage,Show-Me State,Tunisia
Jackie Garrett,Westacre,Providence,Bluegrass State,Vietnam
Teresa Curry,Snowhedge,Yuma,Cornhusker State,Uruguay
Patti Waters,Winterbush,Central El Paso,Hawkeye State,Congo
Barbara Alvarado,Marblecrest,Sharon,Buckeye State,Somalia
Susie Cohen,Marblegrass,Utica,Silver State,Iran
Eduardo Doyle,Swynfield,Lansing,Badger State,Gambia
Hazel Garcia,Belmead,Taunton,Tar Heel State,Algeria
Daxesh,Station,Carol City,Granite State,United Arab Emirates
