Name,Address,City,State,Country
Sara Vega,Westray,Philadelphia ,Pennsylvania ,Xecroastein
Dexter Mccoy,Fournemouth,Wintertown,Austin ,Zufriegro
Della Vargas,Aberdeen ,Memphis ,Tennessee ,Rashal
Neil Gross,Domburton,Fresno ,California ,Opren
Angel Swanson,Millstone ,Wildecourt,Arizona ,Breynia
Joey Dennis,Onryx,Lochspring,California ,Glaovania
Renee Wells,Snowmelt ,Shadowacre,Florida ,Eblea
Glenn Pope,Wombourne,Applecoast,Florida ,Osmad
Nicolas Weaver,Dalmerlington,Spellmont,Pennsylvania ,Sweyd Plary
Ginger French,Sherfield ,Southkeep,New York,Swaon Crington 
Ellis Robbins,Violetfield,Stonehaven,Florida ,Subluinga
Francis Paul,Aldborough,Mallowlight,North Carolina ,Ufruarhiel
Lindsey Ford,Woodmill,Dorbourne,Oregon ,Fabron
Damon Santiago,Deermarsh,Newfort,Wisconsin ,Saprea
Bob Parker,Valden,Springbridge,Michigan ,Bloacor
Lisa Clayton,Stonebank,Wildefort,Texas ,Graunia
Paul Ortiz,Corpond,Iceway,California ,Astad
Dolores Cobb,Stonemount,Lochbell,Florida ,Obrua
Daryl Douglas,Foxmarsh,Fairwinter,Texas ,Fraii Grar
Rita Sparks,Springgate,Lakewynne,Louisiana ,Smoum Swon 
Sadie Massey,Freyburn,Wellholt,Wisconsin ,Joglorus
Lindsay Holland,Norhill,Southbarrow,Colorado ,Muwhounia
Carlton Haynes,Springley,Marblefield,New Mexico ,Ofrain
Inez May,Eastdale,Vertice,California ,Fotrua
Elsa Mason,Bluehollow,Byiron,California ,Cluque
Ujaval Patel,Starrylake,Corville,Kansas ,Glealia
Sonja Hansen,Whitebank,Deepsummer,District of Columbia ,Ewhus
Peggy Schneider,Coldford,Stonemeadow,California ,Afrines
Hope Townsend,Wyvernwald,Snowford,Ohio ,Spai Blines
Willie Sparks,Silverborough,Northwood,Alaska ,Groir Graria 
Brenda Allison,Freyvale,Highhollow,Nebraska ,Afriotho
Vicky Dennis,Brightcoast,Summerspell,Tennessee ,Tosniasal
Steven Walsh,Fairpine,Welloak,Arizona ,Gosmana
Cory Barton,Crystalmere,Courtmeadow,Idaho ,Tastron
Debra Ramos,Shadecliff,Shadownesse,Virginia ,Breisia
Elias Alexander,Fallborough,Crystaldale,Kentucky ,Swougua
Aubrey Schultz,Newiron,Applebush,Massachusetts ,Oshen
Joy George,Hedgemill,Springwood,Nevada ,Espor
Meredith Peters,Woodford,Winterholt,Louisiana ,Breiz Glesh
Yvette Rivera,Waywyn,Linshore,Missouri ,Chayg Thus 
Devin Ramirez,Lindale,Bluemont,Ohio ,Udraygro
Christopher Bailey,Crystalbay,Windlyn,Nevada ,Saclaena
Travis Cook,Dorholt,Lormeadow,Illinois ,Juflos
Carlton Anderson,Coldfort,Greycliff,Louisiana ,Mufrijan
Tracy Warner,Falconshore,Westland,Illinois ,Fruolor
Doyle Mccoy,Marbleview,Coldtown,Illinois ,Triorhiel
Alexis Ray,Ortown,Eastbeech,Ohio ,Uglen
Miriam Bowen,Linmeadow,Highwick,Missouri ,Oprington
Melody Conner,Wyvernlake,Rayhill,Illinois ,Friu Frea
Lionel Cooper,Iceapple,Brightburn,Louisiana ,Speog Snesh 
Maxine Ballard,Applebridge,Valwald,Missouri ,Usheau 
